CHRYSLER;68377850AA;16400;1;Радиатор кондиционера новий оригінал Chrysler
CSF;55038003AG;6270;1;Радіатор кондиціонера Jeep Grand Cherokee WK2 CSF10770
WAGNER;ZX1405;2900;1;Колодки тормозные передние дисковые
BMW;51357444075;4000;5;Стекло-форточка двери задней левой
POWER STOP;171298;2700;4;Гальмівні колодки задні
CHRYSLER;68194317AC;6600;1;Опора амортизатора переднего левого
CSF;10884;5300;1;Радіатор кондиціонера
WAGNER;ZX1270A;2550;1;Колодки гальмівні задні
NGK;LZFR5CI11;650;7;Свеча зажигания 5,7 Hemi Laser Iridium Spark Plug
Fel-pro;VS50906R;1730;1;Прокладка клапанной крышки двигателя, комплект VS50906R Fel-pro
CHRYSLER;5114179AB;3100;3;Прокладка клапанной крышки двигателя mopar
BMW;51337430937;4800;5;Стекло двери передней левой
MOPAR;68084185AA;;2;Сальник півосі переднього моста лівий 68084185AA
BMW;51357444659;4200;5;Стекло двери задней левой
MOOG;RK623638;5400;3;Рычаг передней подвески верхний левый
STANDARD;VVT750;2000;2;Регулятор фаз ГРМ (Клапан електромагнітний) впуск
CHRYSLER;68249136AA;1750;6;Крышка (пробка) расширительного бачка Оригінал
MOOG;EV801494;1580;2;Тяга рулевая
POWER STOP;B986;1800;2;Колодки стояночного гальма
CHRYSLER;68029522AC;440;2;Пильник амортизатора Mopar
STANDARD;VG283;300;1;Ущiлнення трубки еgr
CHRYSLER;68080819AC;5100;2;Датчик положения распредвала
CHRYSLER;5047440AC;1120;2;Прокладка клапанної кришки
ANCHOR;3298TAW;2100;1;Подушка коробки квадратна 4
CSF;3893;8300;1;Радіатор основний CSF 3893
MOPAR;68596478AA;15000;1;Радіатор АКПП MOPAR
MOOG;EV800987;1376;2;Тяга рулевая
FEL-PRO;61438;400;4;Прокладка дросельної заслонки
TRAKMOTIVE;CH8352;9250;1;Напіввісь передня права (AWD)
CHRYSLER;5047788AD;2500;2;Регулятор фаз ГРМ (Клапан електромагнітний) впуск
Chrysler;68543859AA;5150;3;Тяга кермова MOPAR
DORMAN;9023036;900;2;Термостат
CHRYSLER;68217514AB;250;40;Оригінал mopar прокладка впускного колектора верхня
STANDARD;CP646;1700;2;Клапан вентиляции газов топливного бака
CHRYSLER;68299131AH;8000;5;Фара Dodge Durango ліва, в ідеальному стані, але всередині є сторонні частинки (залишки упаковки)
MOOG;K750573;1950;2;Стойка стабилизатора заднего
SKP;SK121227;1200;1;Термостат
CHRYSLER;68029646AE;1000;2;Проставка пружини CHRYSLER
MAHLE;VS50657;3800;5;Ущільнювачі електромагнітів VVT, ущільнювачі датчиків розподільного вала, ущільнення трубок свічок запалювання
CHRYSLER;68093232AA;650;8;Прокладка выпускного коллектора mopar
CHRYSLER;5047861AA;5400;5;Корпус термостата
CHRYSLER;68088017AF;2900;1;Прокладки ГБЦ ліва бренд Mopar
CHRYSLER;68433783AE;33000;5;Фара левая оригінал стан як нова
Chrysler;68577842AE;12200;2;Амортизатор (стійка) оригінал Mopar (Chrysler), передній правий/лівий Jeep Grand Cherokee WL L 2021-2026 [новий]
CHRYSLER;5047389AC;7500;4;Помпа водяная (насос) охлаждения
DORMAN;68252670AP;9000;6;Новий, насос - mopar, клапан маслонасоса - dorman
WAGNER;ZX1629A;2650;2;Гальмівні колодки пепедні
NGK;49132;1800;3;Катушка зажигания
CHRYSLER;68365931AA;8100;8;Теплообмінник Mopar (новий оригінал)
CHRYSLER;5047861AD;5400;5;Корпус термостата
CHRYSLER;6509564AA;330;10;Комплект болтів головки блоку циліндрів Mopar
MOOG;ES800973;2800;2;Накінечник кермової тяги лівий
CHRYSLER;4893806AB;350;4;Прокладка регулятора фаз газораспределения mopar
DORMAN;911481;1600;2;Клапан вентиляции газов топливного бака
CHRYSLER;68252670AP;13500;1;Насос масляный новий оригінал
GSP;NCV82002;7600;1;Полуось (привод) передняя левая
BMW;37106896439;10000;5;Амортизатор передний левый (косметичний дефект)
CHRYSLER;5184778AB;610;29;Cальники свічних колодців бренд Mopar (5184778AB)
CHRYSLER;5047913AC;25000;1;Розподiльний вал правий впускний
Chrysler;5149167AF;2350;3;Датчик положения (оборотов) коленвала
CSF;10770;6270;1;Радіатор кондиціонера Jeep Grand Cherokee WK2 CSF10770
TRAKMOTIVE;CH8365;12000;1;Напіввісь ліва передня Cherokee 3.2 4WD or AWD
CONTINENTAL;6PK2080;;2;Ремінь Continental 6PK2080
TYC;30130;5330;2;Радиатор кондиционера
CHRYSLER;68252518AA;6350;5;Подушка двигуна 3,6 (Нова оригінал, made in USA)
GATES;44020;6000;1;Помпа водяная (насос) охлаждения
Chrysler;68298329AC;12800;1;Амортизатор передній лівий Mopar 68298329AC
POWER STOP;Z231904;4500;5;Колодки тормозные передние дисковые
CHRYSLER;4893926AH;3800;2;Корпус термостата
BOSCH;C3899WS;700;2;Фильтр салона
CHRYSLER;68661147AA;30000;1;Розподiльний вал правий впускний
NGK;LFR5AIX11;400;4;Свеча зажигания LFR5AIX11 4469
CHRYSLER;5048045AB;6400;2;Регулятор фаз ГРМ випуск новий бренд Mopar
STANDARD;PC748;1400;1;Датчик положения распредвала
CHRYSLER;68029520AE;2650;6;Опора амортизатора переднего
WAGNER;ZD1498;2250;4;Колодки тормозные задние дисковые
CHRYSLER;68228480AA;1450;24;Прокладка передньої кришки Mopar
NGK;96358;700;20;Свічки запалювання NGK 96358 LKR7AHXS
MOOG;ES800972;2800;1;Накінечник кермової тяги правий
ANCHOR;3308;2100;1;Подушка задня нижня бренд Ancho
CHRYSLER;4884899AC;490;2;Фильтр масляный
NGK;ILZKR7B11;600;9;Свеча зажигания
CHRYSLER;68333854AA;1100;4;Клапан PCV вентиляции картерных газов
CHRYSLER;LK100045090005;1400;5;eep Grand Cherokee WK2 2010-2021 кнопка регулировки рулевой колонки
CHRYSLER;4893803AA;700;8;Сальник соленоїда VVT
CHRYSLER;68232614AA;185;14;Прокладка колектора впускного нижня
CHRYSLER;68083202AC;2900;3;PCV клапан mopar 68083202AC Dodge Jeep Chrysler
CHRYSLER;68596318AB;8100;10;Теплообмінник Mopar новий оригінал
CHRYSLER;5047063AA;1500;8;Клапан PCV вентиляции картерных газов
CHRYSLER;4861965AA;630;4;прокладка клапана egr
CHRYSLER;4893805AB;850;15;Прокладка клапанної кришки Mopar ліва 4893805AB
BMW;31608486201;24000;5;Полуось (привод) передняя левая 50т км
CHRYSLER;53032763AA;800;1;Прокладка дроссельной заслонки
MAHLE;VS50919;4200;3;Прокладка кришки клапанів
CHRYSLER;68298330AE;14200;1;Амортизатор передній правий
BMW;51778099121;3000;5;Расширитель (накладка) арки заднего крыла левый
CHRYSLER;5184908AB;260;1;ущiльнювальне кiльце маслозбiрноi трубки
WAGNER;BD180753E;5000;2;гальмівні диски передні
Chrysler;68568673AA;1040;3;Фильтр салона cherokee Mopar
POWER STOP;171053;2000;1;Гальмівні колодки задні керамічні
BMW;31216876655;12000;5;Цапфа в сборе (поворотный кулак) передний левый
CHRYSLER;4861968AA;500;4;ущiлнення трубки еgr 4861968AA
CHRYSLER;68284904AA;2450;3;Прокладка головки блока цилиндров (ГБЦ) правая
NGK;9723;600;8;Свеча зажигания NGK 9723 Laser Iridium
CHRYSLER;68088018AF;2900;1;Прокладки ГБЦ Mopar права боенд mopar
DORMAN;9023102HP;2750;2;Корпус термостата 3.6 / 3.2 Doorman (алюмінієвий)
WAGNER;BD180436E;4000;2;гальмівні диски задні вентильовані
Standard;LDP15;2100;3;Насос парів бензину
DELPHI;TC8017;1900;6;Стійка стабілізатора переднього Delphi
BOSCH;0221504048;1300;1;Катушка зажигания
STANDARD;LDP14;1950;2;клапан парів бензину
CHRYSLER;68136754AA;4200;1;Термостат
STANDARD;PC980;1500;1;Датчик положения (оборотов) коленвала
NGK;96355;650;3;Свеча зажигания
CHRYSLER;5149062AA;3400;3;Датчик давления масла
CHRYSLER;5047861AC;5400;5;Термостат в корпусі з датчиком новий
NGK;4469;400;10;Свеча зажигания NGK 4469 Iridium
Chrysler;68526147AA;4300;3;Ступица передняя MOPAR
MONROE;37394;2800;2;Амортизатор задний
WAGNER;OEX1498;2100;1;гальмівні колодки задні
SKP;SES800972;1300;1;Наконечник рулевой тяги внешний
CHRYSLER;5184651AH;2800;4;Термостат
CSF;10954;6270;1;Радіатор кондиціонера CSF
NGK;92145;630;7;Свічка запалювання NGK 92145 Laser Iridium
STANDARD;LDP12;1700;1;Клапан адсорбера вентиляцii парів бензину
DORMAN;HW7435;1100;1;Ремонтный комплект ручного тормоза
MOOG;68291037AA;5400;3;Верхній ричаг лівий бренд Moog (новий)
CONTINENTAL;49024;950;4;Ролик приводного ремня паразитный
CHRYSLER;68087340AA;1024;1;Прокладка водяной помпы
CHRYSLER;5047897AC;6000;1;Соленоїдзміни фаз газорозподілу (VVT)
STANDARD;V500;2200;5;Клапан pcv
GATES;EMH920;2700;2;Pcv клапан
CHRYSLER;5184455AJ;1300;8;Прокладка головки блока цилиндров (ГБЦ) левая
DAYCO;DAYAPV2959;2300;1;Натяжитель Dayco DAYAPV2959
POWER STOP;171640A;2600;3;гальмівні колодки передні
MOOG;68282328AA;5400;2;Верхній ричаг правий бренд Moog (новий)
DORMAN;926188;1900;2;Датчик давления масла
CHRYSLER;53021335AE;2800;1;Сальник колінвалу задній з корпусом
CLOYES;90511S;19500;2;Комплект грм w/o vvt 3.6l
CHRYSLER;05047913AC;25700;1;Розподільчий вал правий впуск ERC НОВИЙ Оригінал
Chrysler;68376815AA;2100;1;Фільтр повітрянний
CHRYSLER;4893804AB;990;9;Прокладка клапанної кришки Mopar права (4893804AB)
MOOG;K750579;1700;2;Стойка стабилизатора переднего правая
CHRYSLER;5184454AE;850;5;Прокладка корпуса термостата
NGK;94705;550;8;Свеча зажигания NGK 94705 RUTHENIUM HX
PENNZOIL;550040856;1400;3;Pennzoil Ultra Platinum 0W-40
TRAKMOTIVE;CH8373;8600;5;Напіввісь права передня FWD Cherokee 3.2
MOOG;ES801426;2800;2;Рульовий наконечник правий
DAYCO;5060805;1200;2;Ремень агрегатов приводной
CSF;3912;6300;1;Радіатор охолодження
NGK;93175;550;18;Свічка запалювання NGK93175 USA
CHRYSLER;4627694AB;2900;3;Клапан адсорбера топливных паров
CHRYSLER;4892339AB;550;11;Фильтр масляный
Standard;V470;2400;2;Клапан PCV вентиляции картерных газов
DORMAN;9023036XD;2600;3;Термостат Алюміній
SKP;SEV800987;1200;2;Тяга рулевая
ANCHOR;3380;5250;1;Подушка (опора) двигателя левая
CHRYSLER;68284905AA;2900;4;Прокладка головки блока цилиндров (ГБЦ) левая
CHRYSLER;5169313AA;2840;4;Соленоид АКПП
GATES;34053;920;2;Термостат
MOOG;K750578;1700;2;Стойка стабилизатора переднего левая
ANCHOR;3495;5700;1;Подушка двигуна передня ліва
BOSCH;5435WS;780;4;Фильтр воздушный
SKP;SES800973;1300;2;Наконечник рулевой тяги внешний
CHRYSLER;4861959AC;3700;3;Клапан парів бензину
CHRYSLER;68240438AA;4400;1;Подушка (опора) двигателя задняя
MOOG;ES801427;2800;2;Рульовий наконечник лівий
MAHLE;VS50914;1400;4;Комплект прокладок клапанної кришки
ANCHOR;3580;2300;1;Подушка задня бренд Anchor
CHRYSLER;5281825AA;5700;2;Форсунка впрыска топлива
CHRYSLER;68346915AA;11900;2;Помпа водяная (насос) охлаждения нова оригінал
Power Stop;171901;3000;1;Колодки тормозные задние дисковые
CHRYSLER;68079375AC;2800;2;Датчик положения (оборотов) коленвала
CHRYSLER;68078604AA;1450;1;Прокладка передней крышки двигателя
STANDARD;VVT359;2600;1;Регулятор фаз ГРМ (Клапан електромагнітний) випуск
MOOG;RK623639;5400;2;Рычаг передней подвески верхний правый
NGK;LFR5AHX;550;3;Свічки запалювання LFR5AHX 96355
Chrysler;68188889AG;3000;3;Прокладка головки блока цилиндров (ГБЦ)
STANDARD;LDP13;1900;1;Клапан парів бензину
Power Stop;171589;3000;2;гальмівні колодки передні
Chrysler;4861963AB;5000;1;Насос парів бензину Mopar
CHRYSLER;4861959AD;3900;3;Клапан парів бензину Mopar 4861959AD
POWER STOP;171734;2600;4;Колодки тормозные задние дисковые
MONROE;902115;800;2;Кріплення опори амортизатора
CHRYSLER;68270565AB;12800;1;Подушка двигуна передня ліва гідравлічна оригінал Mopar
STANDARD;CP796;2250;2;Клапан адсорбера топливных паров
CHRYSLER;68245707AD;1470;6;Сальник коленвалу задній Mopar (новий)
Power Stop;171596;2400;2;Гальмівні колодки задні
CHRYSLER;68542769AA;1450;2;Фільтр повітря
DORMAN;594405;4200;2;Шкив коленвала
FVP;F4313;650;2;Фильтр салона
CSF;3760;5700;1;Радиатор охлаждения двигателя
CHRYSLER;5047901AC;6300;2;Соленоїд зміни фаз газорозподілу (VVT) задній
CHRYSLER;4893786AA;950;9;Прокладка корпуса термостата Mopar
POWER STOP;171498;3200;3;гальмівні колодки задні
